title,runtime,parental_guide,year,genre,directors,stars,writers,gross_us_canada,film_id
The Shawshank Redemption,2h 22m,R,1994,['Drama'],{'0001104': 'Frank Darabont'},"{'0000209': 'Tim Robbins', '0000151': 'Morgan Freeman', '0348409': 'Bob Gunton'}","{'0000175': 'Stephen King', '0001104': 'Frank Darabont'}","$28,767,189",0111161
The Godfather,2h 55m,R,1972,"['Crime', 'Drama']",{'0000338': 'Francis Ford Coppola'},"{'0000008': 'Marlon Brando', '0000199': 'Al Pacino', '0001001': 'James Caan'}","{'0701374': 'Mario Puzo', '0000338': 'Francis Ford Coppola'}","$136,381,073",0068646
The Dark Knight,2h 32m,PG-13,2008,"['Action', 'Crime', 'Drama']",{'0634240': 'Christopher Nolan'},"{'0000288': 'Christian Bale', '0005132': 'Heath Ledger', '0001173': 'Aaron Eckhart'}","{'0634300': 'Jonathan Nolan', '0634240': 'Christopher Nolan', '0275286': 'David S. Goyer'}","$534,987,076",0468569
The Godfather Part II,3h 22m,R,1974,"['Crime', 'Drama']",{'0000338': 'Francis Ford Coppola'},"{'0000199': 'Al Pacino', '0000134': 'Robert De Niro', '0000380': 'Robert Duvall'}","{'0000338': 'Francis Ford Coppola', '0701374': 'Mario Puzo'}","$47,834,595",0071562
12 Angry Men,1h 36m,Approved,1957,"['Crime', 'Drama']",{'0001486': 'Sidney Lumet'},"{'0000020': 'Henry Fonda', '0002011': 'Lee J. Cobb', '0000842': 'Martin Balsam'}",{'0741627': 'Reginald Rose'},,0050083
Schindler's List,3h 15m,R,1993,"['Biography', 'Drama', 'History']",{'0000229': 'Steven Spielberg'},"{'0000553': 'Liam Neeson', '0000146': 'Ralph Fiennes', '0001426': 'Ben Kingsley'}","{'0447745': 'Thomas Keneally', '0001873': 'Steven Zaillian'}","$96,898,818",0108052
The Lord of the Rings: The Return of the King,3h 21m,PG-13,2003,"['Action', 'Adventure', 'Drama']",{'0001392': 'Peter Jackson'},"{'0000704': 'Elijah Wood', '0001557': 'Viggo Mortensen', '0005212': 'Ian McKellen'}","{'0866058': 'J.R.R. Tolkien', '0909638': 'Fran Walsh', '0101991': 'Philippa Boyens'}","$379,427,292",0167260
Pulp Fiction,2h 34m,R,1994,"['Crime', 'Drama']",{'0000233': 'Quentin Tarantino'},"{'0000237': 'John Travolta', '0000235': 'Uma Thurman', '0000168': 'Samuel L. Jackson'}","{'0000233': 'Quentin Tarantino', '0000812': 'Roger Avary'}","$107,928,762",0110912
The Lord of the Rings: The Fellowship of the Ring,2h 58m,PG-13,2001,"['Action', 'Adventure', 'Drama']",{'0001392': 'Peter Jackson'},"{'0000704': 'Elijah Wood', '0005212': 'Ian McKellen', '0089217': 'Orlando Bloom'}","{'0866058': 'J.R.R. Tolkien', '0909638': 'Fran Walsh', '0101991': 'Philippa Boyens'}","$316,115,420",0120737
"The Good, the Bad and the Ugly",2h 58m,Approved,1966,"['Adventure', 'Western']",{'0001466': 'Sergio Leone'},"{'0000142': 'Clint Eastwood', '0908919': 'Eli Wallach', '0001812': 'Lee Van Cleef'}","{'0898812': 'Luciano Vincenzoni', '0001466': 'Sergio Leone', '0408488': 'Agenore Incrocci'}","$25,100,000",0060196
Forrest Gump,2h 22m,PG-13,1994,"['Drama', 'Romance']",{'0000709': 'Robert Zemeckis'},"{'0000158': 'Tom Hanks', '0000705': 'Robin Wright', '0000641': 'Gary Sinise'}","{'0343165': 'Winston Groom', '0744839': 'Eric Roth'}","$330,455,270",0109830
Fight Club,2h 19m,R,1999,['Drama'],{'0000399': 'David Fincher'},"{'0000093': 'Brad Pitt', '0001570': 'Edward Norton', '0001533': 'Meat Loaf'}","{'0657333': 'Chuck Palahniuk', '0880243': 'Jim Uhls'}","$37,030,102",0137523
The Lord of the Rings: The Two Towers,2h 59m,PG-13,2002,"['Action', 'Adventure', 'Drama']",{'0001392': 'Peter Jackson'},"{'0000704': 'Elijah Wood', '0005212': 'Ian McKellen', '0001557': 'Viggo Mortensen'}","{'0866058': 'J.R.R. Tolkien', '0909638': 'Fran Walsh', '0101991': 'Philippa Boyens'}","$342,952,511",0167261
Inception,2h 28m,PG-13,2010,"['Action', 'Adventure', 'Sci-Fi']",{'0634240': 'Christopher Nolan'},"{'0000138': 'Leonardo DiCaprio', '0330687': 'Joseph Gordon-Levitt', '0680983': 'Elliot Page'}",{'0634240': 'Christopher Nolan'},"$292,587,330",1375666
Star Wars: Episode V - The Empire Strikes Back,2h 4m,PG,1980,"['Action', 'Adventure', 'Fantasy']",{'0449984': 'Irvin Kershner'},"{'0000434': 'Mark Hamill', '0000148': 'Harrison Ford', '0000402': 'Carrie Fisher'}","{'0102824': 'Leigh Brackett', '0001410': 'Lawrence Kasdan', '0000184': 'George Lucas'}","$292,753,960",0080684
The Matrix,2h 16m,R,1999,"['Action', 'Sci-Fi']","{'0905154': 'Lana Wachowski', '0905152': 'Lilly Wachowski'}","{'0000206': 'Keanu Reeves', '0000401': 'Laurence Fishburne', '0005251': 'Carrie-Anne Moss'}","{'0905152': 'Lilly Wachowski', '0905154': 'Lana Wachowski'}","$172,076,928",0133093
Goodfellas,2h 25m,18+,1990,"['Biography', 'Crime', 'Drama']",{'0000217': 'Martin Scorsese'},"{'0000134': 'Robert De Niro', '0000501': 'Ray Liotta', '0000582': 'Joe Pesci'}","{'0683380': 'Nicholas Pileggi', '0000217': 'Martin Scorsese'}","$46,909,721",0099685
Spider-Man: Across the Spider-Verse,2h 20m,PG,2023,"['Animation', 'Action', 'Adventure']","{'1690966': 'Joaquim Dos Santos', '5358492': 'Kemp Powers', '1042511': 'Justin K. Thompson'}","{'4271336': 'Shameik Moore', '2794962': 'Hailee Steinfeld', '3109964': 'Brian Tyree Henry'}","{'0520488': 'Phil Lord', '0588087': 'Christopher Miller', '1709264': 'Dave Callaham'}","$381,210,457",9362722
One Flew Over the Cuckoo's Nest,2h 13m,R,1975,['Drama'],{'0001232': 'Milos Forman'},"{'0000197': 'Jack Nicholson', '0001221': 'Louise Fletcher', '0077720': 'Michael Berryman'}","{'0369142': 'Lawrence Hauben', '0325743': 'Bo Goldman', '0450181': 'Ken Kesey'}","$108,981,275",0073486
Se7en,2h 7m,R,1995,"['Crime', 'Drama', 'Mystery']",{'0000399': 'David Fincher'},"{'0000151': 'Morgan Freeman', '0000093': 'Brad Pitt', '0000228': 'Kevin Spacey'}",{'0001825': 'Andrew Kevin Walker'},"$100,125,643",0114369
It's a Wonderful Life,2h 10m,PG,1946,"['Drama', 'Family', 'Fantasy']",{'0001008': 'Frank Capra'},"{'0000071': 'James Stewart', '0001656': 'Donna Reed', '0000859': 'Lionel Barrymore'}","{'0329304': 'Frances Goodrich', '0352443': 'Albert Hackett', '0001008': 'Frank Capra'}","$1,483,643",0038650
Seven Samurai,3h 27m,Not Rated,1954,"['Action', 'Drama']",{'0000041': 'Akira Kurosawa'},"{'0001536': 'Toshirô Mifune', '0793766': 'Takashi Shimura', '0875477': 'Keiko Tsushima'}","{'0000041': 'Akira Kurosawa', '0368074': 'Shinobu Hashimoto', '0644823': 'Hideo Oguni'}","$318,649",0047478
The Silence of the Lambs,1h 58m,R,1991,"['Crime', 'Drama', 'Thriller']",{'0001129': 'Jonathan Demme'},"{'0000149': 'Jodie Foster', '0000164': 'Anthony Hopkins', '0095029': 'Lawrence A. Bonney'}","{'0365383': 'Thomas Harris', '0848217': 'Ted Tally'}","$130,742,922",0102926
Interstellar,2h 49m,PG-13,2014,"['Adventure', 'Drama', 'Sci-Fi']",{'0634240': 'Christopher Nolan'},"{'0000190': 'Matthew McConaughey', '0004266': 'Anne Hathaway', '1567113': 'Jessica Chastain'}","{'0634300': 'Jonathan Nolan', '0634240': 'Christopher Nolan'}","$188,020,017",0816692
Saving Private Ryan,2h 49m,R,1998,"['Drama', 'War']",{'0000229': 'Steven Spielberg'},"{'0000158': 'Tom Hanks', '0000354': 'Matt Damon', '0001744': 'Tom Sizemore'}",{'0734441': 'Robert Rodat'},"$217,049,603",0120815
City of God,2h 10m,R,2002,"['Crime', 'Drama']","{'0576987': 'Fernando Meirelles', '0526199': 'Kátia Lund'}","{'1179105': 'Alexandre Rodrigues', '1129884': 'Leandro Firmino', '0618690': 'Matheus Nachtergaele'}","{'0513130': 'Paulo Lins', '1130251': 'Bráulio Mantovani'}","$7,564,459",0317248
Life Is Beautiful,1h 56m,PG-13,1997,"['Comedy', 'Drama', 'Romance']",{'0000905': 'Roberto Benigni'},"{'0000905': 'Roberto Benigni', '0000971': 'Nicoletta Braschi', '0134493': 'Giorgio Cantarini'}","{'0148437': 'Vincenzo Cerami', '0000905': 'Roberto Benigni'}","$57,563,264",0118799
The Green Mile,3h 9m,R,1999,"['Crime', 'Drama', 'Fantasy']",{'0001104': 'Frank Darabont'},"{'0000158': 'Tom Hanks', '0003817': 'Michael Clarke Duncan', '0001556': 'David Morse'}","{'0000175': 'Stephen King', '0001104': 'Frank Darabont'}","$136,801,374",0120689
Star Wars: Episode IV - A New Hope,2h 1m,PG,1977,"['Action', 'Adventure', 'Fantasy']",{'0000184': 'George Lucas'},"{'0000434': 'Mark Hamill', '0000148': 'Harrison Ford', '0000402': 'Carrie Fisher'}",{'0000184': 'George Lucas'},"$460,998,507",0076759
Terminator 2: Judgment Day,2h 17m,R,1991,"['Action', 'Sci-Fi']",{'0000116': 'James Cameron'},"{'0000216': 'Arnold Schwarzenegger', '0000157': 'Linda Hamilton', '0000411': 'Edward Furlong'}","{'0000116': 'James Cameron', '0936537': 'William Wisher'}","$205,881,154",0103064
Back to the Future,1h 56m,PG,1985,"['Adventure', 'Comedy', 'Sci-Fi']",{'0000709': 'Robert Zemeckis'},"{'0000150': 'Michael J. Fox', '0000502': 'Christopher Lloyd', '0000670': 'Lea Thompson'}","{'0000709': 'Robert Zemeckis', '0301826': 'Bob Gale'}","$212,836,762",0088763
Spirited Away,2h 5m,PG,2001,"['Animation', 'Adventure', 'Family']",{'0594503': 'Hayao Miyazaki'},"{'0153738': 'Daveigh Chase', '0687189': 'Suzanne Pleshette', '0997115': 'Miyu Irino'}",{'0594503': 'Hayao Miyazaki'},"$15,205,725",0245429
The Pianist,2h 30m,R,2002,"['Biography', 'Drama', 'Music']",{'0000591': 'Roman Polanski'},"{'0004778': 'Adrien Brody', '0470981': 'Thomas Kretschmann', '0277975': 'Frank Finlay'}","{'0367838': 'Ronald Harwood', '0844262': 'Wladyslaw Szpilman'}","$32,572,577",0253474
Psycho,1h 49m,R,1960,"['Horror', 'Mystery', 'Thriller']",{'0000033': 'Alfred Hitchcock'},"{'0000578': 'Anthony Perkins', '0001463': 'Janet Leigh', '0587256': 'Vera Miles'}","{'0825010': 'Joseph Stefano', '0088645': 'Robert Bloch'}","$32,000,000",0054215
Parasite,2h 12m,R,2019,"['Drama', 'Thriller']",{'0094435': 'Bong Joon Ho'},"{'0814280': 'Song Kang-ho', '1310525': 'Lee Sun-kyun', '1856097': 'Cho Yeo-jeong'}","{'0094435': 'Bong Joon Ho', '8243301': 'Han Jin-won'}","$53,369,749",6751668
Gladiator,2h 35m,R,2000,"['Action', 'Adventure', 'Drama']",{'0000631': 'Ridley Scott'},"{'0000128': 'Russell Crowe', '0001618': 'Joaquin Phoenix', '0001567': 'Connie Nielsen'}","{'0291905': 'David Franzoni', '0517589': 'John Logan', '0629933': 'William Nicholson'}","$187,705,427",0172495
The Lion King,1h 28m,G,1994,"['Animation', 'Adventure', 'Drama']","{'0021249': 'Roger Allers', '0591450': 'Rob Minkoff'}","{'0000111': 'Matthew Broderick', '0000460': 'Jeremy Irons', '0000469': 'James Earl Jones'}","{'0575293': 'Irene Mecchi', '0731271': 'Jonathan Roberts', '0941314': 'Linda Woolverton'}","$422,783,777",0110357
Léon: The Professional,1h 50m,R,1994,"['Action', 'Crime', 'Drama']",{'0000108': 'Luc Besson'},"{'0000606': 'Jean Reno', '0000198': 'Gary Oldman', '0000204': 'Natalie Portman'}",{'0000108': 'Luc Besson'},"$19,501,238",0110413
Oppenheimer,3h,R,2023,"['Biography', 'Drama', 'History']",{'0634240': 'Christopher Nolan'},"{'0614165': 'Cillian Murphy', '1289434': 'Emily Blunt', '0000354': 'Matt Damon'}","{'0634240': 'Christopher Nolan', '3284831': 'Kai Bird', '2452558': 'Martin Sherwin'}","$310,271,000",15398776
American History X,1h 59m,R,1998,"['Crime', 'Drama']",{'0443411': 'Tony Kaye'},"{'0001570': 'Edward Norton', '0000411': 'Edward Furlong', '0000350': ""Beverly D'Angelo""}",{'0571346': 'David McKenna'},"$6,719,864",0120586
The Departed,2h 31m,R,2006,"['Crime', 'Drama', 'Thriller']",{'0000217': 'Martin Scorsese'},"{'0000138': 'Leonardo DiCaprio', '0000354': 'Matt Damon', '0000197': 'Jack Nicholson'}","{'1184258': 'William Monahan', '0538320': 'Alan Mak', '0159039': 'Felix Chong'}","$132,399,394",0407887
Whiplash,1h 46m,R,2014,"['Drama', 'Music']",{'3227090': 'Damien Chazelle'},"{'1886602': 'Miles Teller', '0799777': 'J.K. Simmons', '2552034': 'Melissa Benoist'}",{'3227090': 'Damien Chazelle'},"$13,092,000",2582802
The Prestige,2h 10m,PG-13,2006,"['Drama', 'Mystery', 'Sci-Fi']",{'0634240': 'Christopher Nolan'},"{'0000288': 'Christian Bale', '0413168': 'Hugh Jackman', '0424060': 'Scarlett Johansson'}","{'0634300': 'Jonathan Nolan', '0634240': 'Christopher Nolan', '1793993': 'Christopher Priest'}","$53,089,891",0482571
The Usual Suspects,1h 46m,R,1995,"['Crime', 'Drama', 'Mystery']",{'0001741': 'Bryan Singer'},"{'0000228': 'Kevin Spacey', '0000321': 'Gabriel Byrne', '0001590': 'Chazz Palminteri'}",{'0003160': 'Christopher McQuarrie'},"$23,341,568",0114814
Grave of the Fireflies,1h 29m,Not Rated,1988,"['Animation', 'Drama', 'War']",{'0847223': 'Isao Takahata'},"{'0851302': 'Tsutomu Tatsumi', '0794186': 'Ayano Shiraishi', '0945312': 'Akemi Yamaguchi'}","{'0636435': 'Akiyuki Nosaka', '0847223': 'Isao Takahata'}","$516,962",0095327
Casablanca,1h 42m,PG,1942,"['Drama', 'Romance', 'War']",{'0002031': 'Michael Curtiz'},"{'0000007': 'Humphrey Bogart', '0000006': 'Ingrid Bergman', '0002134': 'Paul Henreid'}","{'0258493': 'Julius J. Epstein', '0258525': 'Philip G. Epstein', '0462321': 'Howard Koch'}","$4,219,709",0034583
Harakiri,2h 13m,Not Rated,1962,"['Action', 'Drama', 'Mystery']",{'0462030': 'Masaki Kobayashi'},"{'0619938': 'Tatsuya Nakadai', '0410968': 'Akira Ishihama', '0412615': 'Shima Iwashita'}","{'0847668': 'Yasuhiko Takiguchi', '0368074': 'Shinobu Hashimoto'}",,0056058
The Intouchables,1h 52m,R,2011,"['Biography', 'Comedy', 'Drama']","{'0619923': 'Olivier Nakache', '0865918': 'Éric Toledano'}","{'0167388': 'François Cluzet', '1082477': 'Omar Sy', '0494504': 'Anne Le Ny'}","{'0619923': 'Olivier Nakache', '0865918': 'Éric Toledano', '4778840': 'Philippe Pozzo di Borgo'}","$10,198,820",1675434
Modern Times,1h 27m,G,1936,"['Comedy', 'Drama', 'Romance']",{'0000122': 'Charles Chaplin'},"{'0000122': 'Charles Chaplin', '0002104': 'Paulette Goddard', '0074788': 'Henry Bergman'}",{'0000122': 'Charles Chaplin'},"$163,577",0027977
Cinema Paradiso,2h 35m,PG,1988,"['Drama', 'Romance']",{'0868153': 'Giuseppe Tornatore'},"{'0634159': 'Philippe Noiret', '0134073': 'Enzo Cannavale', '0041066': 'Antonella Attili'}","{'0868153': 'Giuseppe Tornatore', '0660031': 'Vanna Paoli'}","$12,397,210",0095765
Once Upon a Time in the West,2h 45m,PG-13,1968,['Western'],{'0001466': 'Sergio Leone'},"{'0000020': 'Henry Fonda', '0000314': 'Charles Bronson', '0001012': 'Claudia Cardinale'}","{'0006872': 'Sergio Donati', '0001466': 'Sergio Leone', '0000783': 'Dario Argento'}","$5,321,508",0064116
Rear Window,1h 52m,PG,1954,"['Mystery', 'Thriller']",{'0000033': 'Alfred Hitchcock'},"{'0000071': 'James Stewart', '0000038': 'Grace Kelly', '0179819': 'Wendell Corey'}","{'0371088': 'John Michael Hayes', '0941280': 'Cornell Woolrich'}","$36,764,313",0047396
Alien,1h 57m,R,1979,"['Horror', 'Sci-Fi']",{'0000631': 'Ridley Scott'},"{'0000244': 'Sigourney Weaver', '0000643': 'Tom Skerritt', '0000457': 'John Hurt'}","{'0639321': ""Dan O'Bannon"", '0795953': 'Ronald Shusett'}","$81,900,459",0078748
City Lights,1h 27m,G,1931,"['Comedy', 'Drama', 'Romance']",{'0000122': 'Charles Chaplin'},"{'0000122': 'Charles Chaplin', '0156039': 'Virginia Cherrill', '5681967': 'Florence Lee'}","{'0000122': 'Charles Chaplin', '0139714': 'Harry Carr', '0188357': 'Harry Crocker'}","$19,181",0021749
Apocalypse Now,2h 27m,R,1979,"['Drama', 'Mystery', 'War']",{'0000338': 'Francis Ford Coppola'},"{'0000640': 'Martin Sheen', '0000008': 'Marlon Brando', '0000380': 'Robert Duvall'}","{'0587518': 'John Milius', '0000338': 'Francis Ford Coppola', '0380282': 'Michael Herr'}","$96,042,913",0078788
Memento,1h 53m,R,2000,"['Mystery', 'Thriller']",{'0634240': 'Christopher Nolan'},"{'0001602': 'Guy Pearce', '0005251': 'Carrie-Anne Moss', '0001592': 'Joe Pantoliano'}","{'0634240': 'Christopher Nolan', '0634300': 'Jonathan Nolan'}","$25,544,867",0209144
Django Unchained,2h 45m,R,2012,"['Drama', 'Western']",{'0000233': 'Quentin Tarantino'},"{'0004937': 'Jamie Foxx', '0910607': 'Christoph Waltz', '0000138': 'Leonardo DiCaprio'}",{'0000233': 'Quentin Tarantino'},"$162,805,434",1853728
Indiana Jones and the Raiders of the Lost Ark,1h 55m,PG,1981,"['Action', 'Adventure']",{'0000229': 'Steven Spielberg'},"{'0000148': 'Harrison Ford', '0000261': 'Karen Allen', '0293550': 'Paul Freeman'}","{'0001410': 'Lawrence Kasdan', '0000184': 'George Lucas', '0442241': 'Philip Kaufman'}","$248,159,971",0082971
WALL·E,1h 38m,G,2008,"['Animation', 'Adventure', 'Family']",{'0004056': 'Andrew Stanton'},"{'0123785': 'Ben Burtt', '2264184': 'Elissa Knight', '0307531': 'Jeff Garlin'}","{'0004056': 'Andrew Stanton', '0230032': 'Pete Docter', '0714114': 'Jim Reardon'}","$223,808,164",0910970
The Lives of Others,2h 17m,R,2006,"['Drama', 'Mystery', 'Thriller']",{'0003697': 'Florian Henckel von Donnersmarck'},"{'0618057': 'Ulrich Mühe', '0311476': 'Martina Gedeck', '0462407': 'Sebastian Koch'}",{'0003697': 'Florian Henckel von Donnersmarck'},"$11,286,112",0405094
Sunset Blvd.,1h 50m,Passed,1950,"['Drama', 'Film-Noir']",{'0000697': 'Billy Wilder'},"{'0000034': 'William Holden', '0841797': 'Gloria Swanson', '0002233': 'Erich von Stroheim'}","{'0102818': 'Charles Brackett', '0000697': 'Billy Wilder', '0551261': 'D.M. Marshman Jr.'}","$299,645",0043014
Paths of Glory,1h 28m,Approved,1957,"['Drama', 'War']",{'0000040': 'Stanley Kubrick'},"{'0000018': 'Kirk Douglas', '0576127': 'Ralph Meeker', '0579663': 'Adolphe Menjou'}","{'0000040': 'Stanley Kubrick', '0932229': 'Calder Willingham', '0860292': 'Jim Thompson'}",,0050825
Avengers: Infinity War,2h 29m,PG-13,2018,"['Action', 'Adventure', 'Sci-Fi']","{'0751577': 'Anthony Russo', '0751648': 'Joe Russo'}","{'0000375': 'Robert Downey Jr.', '1165110': 'Chris Hemsworth', '0749263': 'Mark Ruffalo'}","{'1321655': 'Christopher Markus', '1321656': 'Stephen McFeely', '0498278': 'Stan Lee'}","$678,815,482",4154756
The Shining,2h 26m,R,1980,"['Drama', 'Horror']",{'0000040': 'Stanley Kubrick'},"{'0000197': 'Jack Nicholson', '0001167': 'Shelley Duvall', '0515950': 'Danny Lloyd'}","{'0000175': 'Stephen King', '0000040': 'Stanley Kubrick', '0424956': 'Diane Johnson'}","$45,634,352",0081505
The Great Dictator,2h 5m,G,1940,"['Comedy', 'Drama', 'War']",{'0000122': 'Charles Chaplin'},"{'0000122': 'Charles Chaplin', '0002104': 'Paulette Goddard', '0642988': 'Jack Oakie'}",{'0000122': 'Charles Chaplin'},,0032553
Witness for the Prosecution,1h 56m,Approved,1957,"['Crime', 'Drama', 'Mystery']",{'0000697': 'Billy Wilder'},"{'0000061': 'Tyrone Power', '0000017': 'Marlene Dietrich', '0001452': 'Charles Laughton'}","{'0002005': 'Agatha Christie', '0000697': 'Billy Wilder', '0475823': 'Harry Kurnitz'}",,0051201
Spider-Man: Into the Spider-Verse,1h 57m,PG,2018,"['Animation', 'Action', 'Adventure']","{'2130108': 'Bob Persichetti', '0709056': 'Peter Ramsey', '0745247': 'Rodney Rothman'}","{'4271336': 'Shameik Moore', '2159926': 'Jake Johnson', '2794962': 'Hailee Steinfeld'}","{'0520488': 'Phil Lord', '0745247': 'Rodney Rothman'}","$190,241,310",4633694
Aliens,2h 17m,R,1986,"['Action', 'Adventure', 'Sci-Fi']",{'0000116': 'James Cameron'},"{'0000244': 'Sigourney Weaver', '0000299': 'Michael Biehn', '0001343': 'Carrie Henn'}","{'0000116': 'James Cameron', '0318429': 'David Giler', '0001353': 'Walter Hill'}","$85,160,248",0090605
American Beauty,2h 2m,R,1999,['Drama'],{'0005222': 'Sam Mendes'},"{'0000228': 'Kevin Spacey', '0000906': 'Annette Bening', '0000301': 'Thora Birch'}",{'0050332': 'Alan Ball'},"$130,096,601",0169547
The Dark Knight Rises,2h 44m,PG-13,2012,"['Action', 'Drama', 'Thriller']",{'0634240': 'Christopher Nolan'},"{'0000288': 'Christian Bale', '0362766': 'Tom Hardy', '0004266': 'Anne Hathaway'}","{'0634300': 'Jonathan Nolan', '0634240': 'Christopher Nolan', '0275286': 'David S. Goyer'}","$448,149,584",1345836
Inglourious Basterds,2h 33m,R,2009,"['Adventure', 'Drama', 'War']",{'0000233': 'Quentin Tarantino'},"{'0000093': 'Brad Pitt', '1208167': 'Diane Kruger', '0744834': 'Eli Roth'}",{'0000233': 'Quentin Tarantino'},"$120,540,719",0361748
Dr. Strangelove or: How I Learned to Stop Worrying and Love the Bomb,1h 35m,PG,1964,"['Comedy', 'War']",{'0000040': 'Stanley Kubrick'},"{'0000634': 'Peter Sellers', '0001715': 'George C. Scott', '0001330': 'Sterling Hayden'}","{'0000040': 'Stanley Kubrick', '0816143': 'Terry Southern', '0313570': 'Peter George'}","$9,440,272",0057012
Oldboy,2h,R,2003,"['Action', 'Drama', 'Mystery']",{'0661791': 'Park Chan-wook'},"{'0158856': 'Choi Min-sik', '0949167': 'Yoo Ji-tae', '1367246': 'Kang Hye-jeong'}","{'1628380': 'Garon Tsuchiya', '2057405': 'Nobuaki Minegishi', '0661791': 'Park Chan-wook'}","$2,338,699",0364569
Coco,1h 45m,PG,2017,"['Animation', 'Adventure', 'Drama']","{'0881279': 'Lee Unkrich', '2937122': 'Adrian Molina'}","{'5645519': 'Anthony Gonzalez', '0305558': 'Gael García Bernal', '0000973': 'Benjamin Bratt'}","{'0881279': 'Lee Unkrich', '0441735': 'Jason Katz', '0017690': 'Matthew Aldrich'}","$210,460,015",2380307
Amadeus,2h 40m,PG,1984,"['Biography', 'Drama', 'Music']",{'0001232': 'Milos Forman'},"{'0000719': 'F. Murray Abraham', '0001371': 'Tom Hulce', '0000931': 'Elizabeth Berridge'}","{'0787323': 'Peter Shaffer', '0537004': 'Zdenek Mahler'}","$51,973,029",0086879
Toy Story,1h 21m,G,1995,"['Animation', 'Adventure', 'Comedy']",{'0005124': 'John Lasseter'},"{'0000158': 'Tom Hanks', '0000741': 'Tim Allen', '0725543': 'Don Rickles'}","{'0005124': 'John Lasseter', '0230032': 'Pete Docter', '0004056': 'Andrew Stanton'}","$223,225,679",0114709
Das Boot,2h 29m,,1981,"['Drama', 'War']",{'0000583': 'Wolfgang Petersen'},"{'0001638': 'Jürgen Prochnow', '0344963': 'Herbert Grönemeyer', '0921044': 'Klaus Wennemann'}","{'0000583': 'Wolfgang Petersen', '0118164': 'Lothar G. Buchheim'}","$11,487,676",0082096
Braveheart,2h 58m,R,1995,"['Biography', 'Drama', 'History']",{'0000154': 'Mel Gibson'},"{'0000154': 'Mel Gibson', '0000521': 'Sophie Marceau', '0001526': 'Patrick McGoohan'}",{'0908824': 'Randall Wallace'},"$75,609,945",0112573
Joker,2h 2m,R,2019,"['Crime', 'Drama', 'Thriller']",{'0680846': 'Todd Phillips'},"{'0001618': 'Joaquin Phoenix', '0000134': 'Robert De Niro', '5939164': 'Zazie Beetz'}","{'0680846': 'Todd Phillips', '0798788': 'Scott Silver', '0004170': 'Bob Kane'}","$335,477,657",7286456
Avengers: Endgame,3h 1m,PG-13,2019,"['Action', 'Adventure', 'Drama']","{'0751577': 'Anthony Russo', '0751648': 'Joe Russo'}","{'0000375': 'Robert Downey Jr.', '0262635': 'Chris Evans', '0749263': 'Mark Ruffalo'}","{'1321655': 'Christopher Markus', '1321656': 'Stephen McFeely', '0498278': 'Stan Lee'}","$858,373,000",4154796
Princess Mononoke,2h 14m,PG-13,1997,"['Animation', 'Action', 'Adventure']",{'0594503': 'Hayao Miyazaki'},"{'0559444': 'Yôji Matsuda', '0410942': 'Yuriko Ishida', '0849100': 'Yûko Tanaka'}","{'0594503': 'Hayao Miyazaki', '0301274': 'Neil Gaiman'}","$4,845,631",0119698
Good Will Hunting,2h 6m,R,1997,"['Drama', 'Romance']",{'0001814': 'Gus Van Sant'},"{'0000245': 'Robin Williams', '0000354': 'Matt Damon', '0000255': 'Ben Affleck'}","{'0000354': 'Matt Damon', '0000255': 'Ben Affleck'}","$138,433,435",0119217
Once Upon a Time in America,3h 49m,R,1984,"['Crime', 'Drama']",{'0001466': 'Sergio Leone'},"{'0000134': 'Robert De Niro', '0000249': 'James Woods', '0001527': 'Elizabeth McGovern'}","{'0340580': 'Harry Grey', '0073053': 'Leonardo Benvenuti', '0207401': 'Piero De Bernardi'}","$5,321,508",0087843
Your Name.,1h 46m,TV-PG,2016,"['Animation', 'Drama', 'Fantasy']",{'1396121': 'Makoto Shinkai'},"{'1126340': 'Ryunosuke Kamiki', '4759838': 'Mone Kamishiraishi', '6954008': 'Ryo Narita'}","{'1396121': 'Makoto Shinkai', '1038805': 'Clark Cheng'}","$5,017,246",5311514
3 Idiots,2h 50m,PG-13,2009,"['Comedy', 'Drama']",{'0386246': 'Rajkumar Hirani'},"{'0451148': 'Aamir Khan', '0534856': 'Madhavan', '1587175': 'Mona Singh'}","{'0430785': 'Abhijat Joshi', '0386246': 'Rajkumar Hirani', '0006765': 'Vidhu Vinod Chopra'}","$6,532,874",1187043
High and Low,2h 23m,Not Rated,1963,"['Crime', 'Drama', 'Mystery']",{'0000041': 'Akira Kurosawa'},"{'0001536': 'Toshirô Mifune', '0755403': 'Yutaka Sada', '0619938': 'Tatsuya Nakadai'}","{'0644823': 'Hideo Oguni', '0452878': 'Ryûzô Kikushima', '0386750': 'Eijirô Hisaita'}","$46,808",0057565
Singin' in the Rain,1h 43m,G,1952,"['Comedy', 'Musical', 'Romance']","{'0002045': 'Stanley Donen', '0000037': 'Gene Kelly'}","{'0000037': 'Gene Kelly', '0640307': ""Donald O'Connor"", '0001666': 'Debbie Reynolds'}","{'0173679': 'Betty Comden', '0337582': 'Adolph Green'}","$1,884,537",0045152
Requiem for a Dream,1h 42m,Unrated,2000,['Drama'],{'0004716': 'Darren Aronofsky'},"{'0000995': 'Ellen Burstyn', '0001467': 'Jared Leto', '0000124': 'Jennifer Connelly'}","{'0782968': 'Hubert Selby Jr.', '0004716': 'Darren Aronofsky'}","$3,635,482",0180093
Capernaum,2h 6m,R,2018,['Drama'],{'1701024': 'Nadine Labaki'},"{'9862858': 'Zain Al Rafeea', '9862859': 'Yordanos Shiferaw', '9862860': 'Boluwatife Treasure Bankole'}","{'1701024': 'Nadine Labaki', '2764802': 'Jihad Hojeily', '9878616': 'Michelle Keserwany'}","$1,661,096",8267604
Toy Story 3,1h 43m,G,2010,"['Animation', 'Adventure', 'Comedy']",{'0881279': 'Lee Unkrich'},"{'0000158': 'Tom Hanks', '0000741': 'Tim Allen', '0000349': 'Joan Cusack'}","{'0005124': 'John Lasseter', '0004056': 'Andrew Stanton', '0881279': 'Lee Unkrich'}","$415,004,880",0435761
Come and See,2h 22m,Not Rated,1985,"['Drama', 'Thriller', 'War']",{'0459552': 'Elem Klimov'},"{'0470385': 'Aleksey Kravchenko', '0592500': 'Olga Mironova', '0490708': 'Liubomiras Laucevicius'}","{'0010696': 'Ales Adamovich', '0459552': 'Elem Klimov'}","$71,909",0091251
Star Wars: Episode VI - Return of the Jedi,2h 11m,PG,1983,"['Action', 'Adventure', 'Fantasy']",{'0549658': 'Richard Marquand'},"{'0000434': 'Mark Hamill', '0000148': 'Harrison Ford', '0000402': 'Carrie Fisher'}","{'0001410': 'Lawrence Kasdan', '0000184': 'George Lucas'}","$316,566,101",0086190
Eternal Sunshine of the Spotless Mind,1h 48m,R,2004,"['Drama', 'Romance', 'Sci-Fi']",{'0327273': 'Michel Gondry'},"{'0000120': 'Jim Carrey', '0000701': 'Kate Winslet', '0929489': 'Tom Wilkinson'}","{'0442109': 'Charlie Kaufman', '0327273': 'Michel Gondry', '1410028': 'Pierre Bismuth'}","$34,400,301",0338013
2001: A Space Odyssey,2h 29m,G,1968,"['Adventure', 'Sci-Fi']",{'0000040': 'Stanley Kubrick'},"{'0001158': 'Keir Dullea', '0516972': 'Gary Lockwood', '0843213': 'William Sylvester'}","{'0000040': 'Stanley Kubrick', '0002009': 'Arthur C. Clarke'}","$60,481,243",0062622
The Hunt,1h 55m,R,2012,['Drama'],{'0899121': 'Thomas Vinterberg'},"{'0586568': 'Mads Mikkelsen', '0488917': 'Thomas Bo Larsen', '5038871': 'Annika Wedderkopp'}","{'0899121': 'Thomas Vinterberg', '2105585': 'Tobias Lindholm'}","$613,308",2106476
Reservoir Dogs,1h 39m,R,1992,"['Crime', 'Thriller']",{'0000233': 'Quentin Tarantino'},"{'0000172': 'Harvey Keitel', '0000619': 'Tim Roth', '0000514': 'Michael Madsen'}","{'0000233': 'Quentin Tarantino', '0000812': 'Roger Avary'}","$2,832,029",0105236
Ikiru,2h 23m,Not Rated,1952,['Drama'],{'0000041': 'Akira Kurosawa'},"{'0793766': 'Takashi Shimura', '0437520': 'Nobuo Kaneko', '0385443': ""Shin'ichi Himori""}","{'0000041': 'Akira Kurosawa', '0368074': 'Shinobu Hashimoto', '0644823': 'Hideo Oguni'}","$60,239",0044741
Lawrence of Arabia,3h 38m,Approved,1962,"['Adventure', 'Biography', 'Drama']",{'0000180': 'David Lean'},"{'0000564': ""Peter O'Toole"", '0000027': 'Alec Guinness', '0000063': 'Anthony Quinn'}","{'0004122': 'Robert Bolt', '0933858': 'Michael Wilson'}","$45,306,425",0056172
Citizen Kane,1h 59m,PG,1941,"['Drama', 'Mystery']",{'0000080': 'Orson Welles'},"{'0000080': 'Orson Welles', '0001072': 'Joseph Cotten', '0173827': 'Dorothy Comingore'}","{'0542534': 'Herman J. Mankiewicz', '0000080': 'Orson Welles', '0002144': 'John Houseman'}","$1,627,530",0033467
M,1h 39m,Passed,1931,"['Crime', 'Mystery', 'Thriller']",{'0000485': 'Fritz Lang'},"{'0000048': 'Peter Lorre', '0927145': 'Ellen Widmann', '0484737': 'Inge Landgut'}","{'0902376': 'Thea von Harbou', '0000485': 'Fritz Lang', '0414825': 'Egon Jacobsohn'}","$35,566",0022100
North by Northwest,2h 16m,Approved,1959,"['Action', 'Adventure', 'Mystery']",{'0000033': 'Alfred Hitchcock'},"{'0000026': 'Cary Grant', '0001693': 'Eva Marie Saint', '0000051': 'James Mason'}",{'0499626': 'Ernest Lehman'},"$66,728",0053125
The Apartment,2h 5m,Approved,1960,"['Comedy', 'Drama', 'Romance']",{'0000697': 'Billy Wilder'},"{'0000493': 'Jack Lemmon', '0000511': 'Shirley MacLaine', '0534045': 'Fred MacMurray'}","{'0000697': 'Billy Wilder', '0224634': 'I.A.L. Diamond'}","$18,600,000",0053604
Vertigo,2h 8m,PG,1958,"['Mystery', 'Romance', 'Thriller']",{'0000033': 'Alfred Hitchcock'},"{'0000071': 'James Stewart', '0001571': 'Kim Novak', '0000895': 'Barbara Bel Geddes'}","{'0178785': 'Alec Coppel', '0853138': 'Samuel A. Taylor', '0092267': 'Pierre Boileau'}","$7,705,225",0052357
Double Indemnity,1h 47m,Passed,1944,"['Crime', 'Drama', 'Film-Noir']",{'0000697': 'Billy Wilder'},"{'0534045': 'Fred MacMurray', '0001766': 'Barbara Stanwyck', '0000064': 'Edward G. Robinson'}","{'0000697': 'Billy Wilder', '0151452': 'Raymond Chandler', '0128906': 'James M. Cain'}",,0036775
Amélie,2h 2m,R,2001,"['Comedy', 'Romance']",{'0000466': 'Jean-Pierre Jeunet'},"{'0851582': 'Audrey Tautou', '0440913': 'Mathieu Kassovitz', '0749363': 'Rufus'}","{'0491011': 'Guillaume Laurant', '0000466': 'Jean-Pierre Jeunet'}","$33,225,499",0211915
Scarface,2h 50m,18+,1983,"['Crime', 'Drama']",{'0000361': 'Brian De Palma'},"{'0000199': 'Al Pacino', '0000201': 'Michelle Pfeiffer', '0000874': 'Steven Bauer'}","{'0000231': 'Oliver Stone', '0001328': 'Howard Hawks', '0372942': 'Ben Hecht'}","$45,408,703",0086250
Full Metal Jacket,1h 56m,R,1987,"['Drama', 'War']",{'0000040': 'Stanley Kubrick'},"{'0000546': 'Matthew Modine', '0000388': 'R. Lee Ermey', '0000352': ""Vincent D'Onofrio""}","{'0000040': 'Stanley Kubrick', '0380282': 'Michael Herr', '0368007': 'Gustav Hasford'}","$46,357,676",0093058
A Clockwork Orange,2h 16m,X,1971,"['Crime', 'Sci-Fi']",{'0000040': 'Stanley Kubrick'},"{'0000532': 'Malcolm McDowell', '0535861': 'Patrick Magee', '0060988': 'Michael Bates'}","{'0000040': 'Stanley Kubrick', '0121256': 'Anthony Burgess'}","$26,617,553",0066921
Incendies,2h 11m,R,2010,"['Drama', 'Mystery', 'War']",{'0898288': 'Denis Villeneuve'},"{'0044073': 'Lubna Azabal', '0246386': 'Mélissa Désormeaux-Poulin', '0309945': 'Maxim Gaudette'}","{'0898288': 'Denis Villeneuve', '1416431': 'Wajdi Mouawad', '4034068': 'Valérie Beaugrand-Champagne'}","$2,071,334",1255953
Hamilton,2h 40m,PG-13,2020,"['Biography', 'Drama', 'History']",{'2371802': 'Thomas Kail'},"{'0592135': 'Lin-Manuel Miranda', '5623883': 'Phillipa Soo', '1502434': 'Leslie Odom Jr.'}","{'0592135': 'Lin-Manuel Miranda', '2375857': 'Ron Chernow'}",,8503618
Heat,2h 50m,R,1995,"['Action', 'Crime', 'Drama']",{'0000520': 'Michael Mann'},"{'0000199': 'Al Pacino', '0000134': 'Robert De Niro', '0000174': 'Val Kilmer'}",{'0000520': 'Michael Mann'},"$67,436,818",0113277
Up,1h 36m,PG,2009,"['Animation', 'Adventure', 'Comedy']","{'0230032': 'Pete Docter', '0677037': 'Bob Peterson'}","{'0000799': 'Edward Asner', '2973712': 'Jordan Nagai', '0001652': 'John Ratzenberger'}","{'0230032': 'Pete Docter', '0677037': 'Bob Peterson', '0565336': 'Tom McCarthy'}","$293,004,164",1049413
To Kill a Mockingbird,2h 9m,Approved,1962,"['Crime', 'Drama']",{'0612322': 'Robert Mulligan'},"{'0000060': 'Gregory Peck', '0576345': 'John Megna', '0653942': 'Frank Overton'}","{'0497369': 'Harper Lee', '0285210': 'Horton Foote'}","$592,237",0056592
The Sting,2h 9m,PG,1973,"['Comedy', 'Crime', 'Drama']",{'0001351': 'George Roy Hill'},"{'0000056': 'Paul Newman', '0000602': 'Robert Redford', '0001727': 'Robert Shaw'}",{'0911486': 'David S. Ward'},"$156,000,000",0070735
A Separation,2h 3m,PG-13,2011,['Drama'],{'1410815': 'Asghar Farhadi'},"{'1818216': 'Payman Maadi', '0368689': 'Leila Hatami', '4299147': 'Sareh Bayat'}",{'1410815': 'Asghar Farhadi'},"$7,099,055",1832382
Indiana Jones and the Last Crusade,2h 7m,PG-13,1989,"['Action', 'Adventure']",{'0000229': 'Steven Spielberg'},"{'0000148': 'Harrison Ford', '0000125': 'Sean Connery', '0233145': 'Alison Doody'}","{'0090151': 'Jeffrey Boam', '0000184': 'George Lucas', '0583675': 'Menno Meyjes'}","$197,171,806",0097576
Metropolis,2h 33m,Not Rated,1927,"['Drama', 'Sci-Fi']",{'0000485': 'Fritz Lang'},"{'0375609': 'Brigitte Helm', '0002154': 'Alfred Abel', '0297054': 'Gustav Fröhlich'}","{'0902376': 'Thea von Harbou', '0000485': 'Fritz Lang'}","$1,236,166",0017136
Die Hard,2h 12m,R,1988,"['Action', 'Thriller']",{'0001532': 'John McTiernan'},"{'0000246': 'Bruce Willis', '0000614': 'Alan Rickman', '0000889': 'Bonnie Bedelia'}","{'0861636': 'Roderick Thorp', '0835732': 'Jeb Stuart', '0211823': 'Steven E. de Souza'}","$83,844,093",0095016
L.A. Confidential,2h 18m,R,1997,"['Crime', 'Drama', 'Mystery']",{'0000436': 'Curtis Hanson'},"{'0000228': 'Kevin Spacey', '0000128': 'Russell Crowe', '0001602': 'Guy Pearce'}","{'0255278': 'James Ellroy', '0001338': 'Brian Helgeland', '0000436': 'Curtis Hanson'}","$64,616,940",0119488
Bicycle Thieves,1h 29m,Not Rated,1948,['Drama'],{'0001120': 'Vittorio De Sica'},"{'0536009': 'Lamberto Maggiorani', '0821543': 'Enzo Staiola', '0136794': 'Lianella Carell'}","{'0953790': 'Cesare Zavattini', '0059030': 'Luigi Bartolini', '0080755': 'Oreste Biancoli'}","$371,111",0040522
Snatch,1h 42m,R,2000,"['Comedy', 'Crime']",{'0005363': 'Guy Ritchie'},"{'0005458': 'Jason Statham', '0000093': 'Brad Pitt', '0334318': 'Stephen Graham'}",{'0005363': 'Guy Ritchie'},"$30,328,156",0208092
Like Stars on Earth,2h 45m,PG,2007,"['Drama', 'Family']","{'0451148': 'Aamir Khan', '1244760': 'Amole Gupte'}","{'2594301': 'Darsheel Safary', '0451148': 'Aamir Khan', '2540053': 'Tanay Chheda'}",{'1244760': 'Amole Gupte'},"$1,223,869",0986264
Taxi Driver,1h 54m,R,1976,"['Crime', 'Drama']",{'0000217': 'Martin Scorsese'},"{'0000134': 'Robert De Niro', '0000149': 'Jodie Foster', '0001732': 'Cybill Shepherd'}",{'0001707': 'Paul Schrader'},"$28,262,574",0075314
1917,1h 59m,R,2019,"['Action', 'Drama', 'War']",{'0005222': 'Sam Mendes'},"{'2835616': 'Dean-Charles Chapman', '1126657': 'George MacKay', '0990547': 'Daniel Mays'}","{'0005222': 'Sam Mendes', '4880670': 'Krysty Wilson-Cairns'}","$159,227,644",8579674
Downfall,2h 36m,R,2004,"['Biography', 'Drama', 'History']",{'0386570': 'Oliver Hirschbiegel'},"{'0004486': 'Bruno Ganz', '0487884': 'Alexandra Maria Lara', '0559890': 'Ulrich Matthes'}","{'0251536': 'Bernd Eichinger', '0275264': 'Joachim Fest', '0432622': 'Traudl Junge'}","$5,509,040",0363163
Dangal,2h 41m,Not Rated,2016,"['Action', 'Biography', 'Drama']",{'4318159': 'Nitesh Tiwari'},"{'0451148': 'Aamir Khan', '2799219': 'Sakshi Tanwar', '0760778': 'Fatima Sana Shaikh'}","{'6328029': 'Piyush Gupta', '6328031': 'Shreyas Jain', '6328030': 'Nikhil Mehrotra'}","$12,391,761",5074352
Top Gun: Maverick,2h 10m,PG-13,2022,"['Action', 'Drama']",{'2676052': 'Joseph Kosinski'},"{'0000129': 'Tom Cruise', '0000124': 'Jennifer Connelly', '1886602': 'Miles Teller'}","{'0143596': 'Jim Cash', '0258390': 'Jack Epps Jr.', '0185976': 'Peter Craig'}","$718,732,821",1745960
For a Few Dollars More,2h 12m,R,1965,"['Drama', 'Western']",{'0001466': 'Sergio Leone'},"{'0000142': 'Clint Eastwood', '0001812': 'Lee Van Cleef', '0002231': 'Gian Maria Volontè'}","{'0001466': 'Sergio Leone', '0607694': 'Fulvio Morsella', '0898812': 'Luciano Vincenzoni'}","$15,000,000",0059578
Batman Begins,2h 20m,PG-13,2005,"['Action', 'Crime', 'Drama']",{'0634240': 'Christopher Nolan'},"{'0000288': 'Christian Bale', '0000323': 'Michael Caine', '0913822': 'Ken Watanabe'}","{'0004170': 'Bob Kane', '0275286': 'David S. Goyer', '0634240': 'Christopher Nolan'}","$206,863,479",0372784
Some Like It Hot,2h 1m,Passed,1959,"['Comedy', 'Music', 'Romance']",{'0000697': 'Billy Wilder'},"{'0000054': 'Marilyn Monroe', '0000348': 'Tony Curtis', '0000493': 'Jack Lemmon'}","{'0000697': 'Billy Wilder', '0224634': 'I.A.L. Diamond', '0858329': 'Robert Thoeren'}",,0053291
The Kid,1h 8m,Passed,1921,"['Comedy', 'Drama', 'Family']",{'0000122': 'Charles Chaplin'},"{'0000122': 'Charles Chaplin', '0701012': 'Edna Purviance', '0001067': 'Jackie Coogan'}",{'0000122': 'Charles Chaplin'},,0012349
The Wolf of Wall Street,3h,R,2013,"['Biography', 'Comedy', 'Crime']",{'0000217': 'Martin Scorsese'},"{'0000138': 'Leonardo DiCaprio', '1706767': 'Jonah Hill', '3053338': 'Margot Robbie'}","{'1010540': 'Terence Winter', '0067789': 'Jordan Belfort'}","$116,900,694",0993846
The Father,1h 37m,PG-13,2020,"['Drama', 'Mystery']",{'1725469': 'Florian Zeller'},"{'0000164': 'Anthony Hopkins', '1469236': 'Olivia Colman', '0309693': 'Mark Gatiss'}","{'0358960': 'Christopher Hampton', '1725469': 'Florian Zeller'}","$2,122,771",10272386
Green Book,2h 10m,PG-13,2018,"['Biography', 'Comedy', 'Drama']",{'0268380': 'Peter Farrelly'},"{'0001557': 'Viggo Mortensen', '0991810': 'Mahershala Ali', '0004802': 'Linda Cardellini'}","{'0885014': 'Nick Vallelonga', '0192942': 'Brian Hayes Currie', '0268380': 'Peter Farrelly'}","$85,080,171",6966692
All About Eve,2h 18m,Passed,1950,['Drama'],{'0000581': 'Joseph L. Mankiewicz'},"{'0000012': 'Bette Davis', '0000879': 'Anne Baxter', '0001695': 'George Sanders'}","{'0000581': 'Joseph L. Mankiewicz', '0650581': 'Mary Orr'}","$63,463",0042192
Judgment at Nuremberg,2h 59m,Approved,1961,"['Drama', 'War']",{'0006452': 'Stanley Kramer'},"{'0000075': 'Spencer Tracy', '0000044': 'Burt Lancaster', '0001847': 'Richard Widmark'}","{'0542631': 'Abby Mann', '0001050': 'Montgomery Clift'}",,0055031
The Truman Show,1h 43m,PG,1998,"['Comedy', 'Drama']",{'0001837': 'Peter Weir'},"{'0000120': 'Jim Carrey', '0000438': 'Ed Harris', '0001473': 'Laura Linney'}",{'0629272': 'Andrew Niccol'},"$125,618,201",0120382
There Will Be Blood,2h 38m,R,2007,['Drama'],{'0000759': 'Paul Thomas Anderson'},"{'0000358': 'Daniel Day-Lewis', '0200452': 'Paul Dano', '0001354': 'Ciarán Hinds'}","{'0000759': 'Paul Thomas Anderson', '0801737': 'Upton Sinclair'}","$40,222,514",0469494
Casino,2h 58m,R,1995,"['Crime', 'Drama']",{'0000217': 'Martin Scorsese'},"{'0000134': 'Robert De Niro', '0000232': 'Sharon Stone', '0000582': 'Joe Pesci'}","{'0683380': 'Nicholas Pileggi', '0000217': 'Martin Scorsese'}","$42,512,375",0112641
Ran,2h 42m,R,1985,"['Action', 'Drama', 'War']",{'0000041': 'Akira Kurosawa'},"{'0619938': 'Tatsuya Nakadai', '0855417': 'Akira Terao', '0628704': 'Jinpachi Nezu'}","{'0000041': 'Akira Kurosawa', '0644823': 'Hideo Oguni', '0406836': 'Masato Ide'}","$4,135,750",0089881
Shutter Island,2h 18m,R,2010,"['Mystery', 'Thriller']",{'0000217': 'Martin Scorsese'},"{'0000138': 'Leonardo DiCaprio', '0607865': 'Emily Mortimer', '0749263': 'Mark Ruffalo'}","{'0436164': 'Laeta Kalogridis', '1212331': 'Dennis Lehane'}","$128,012,934",1130884
Pan's Labyrinth,1h 58m,R,2006,"['Drama', 'Fantasy', 'War']",{'0868219': 'Guillermo del Toro'},"{'1419440': 'Ivana Baquero', '0317725': 'Ariadna Gil', '0530365': 'Sergi López'}",{'0868219': 'Guillermo del Toro'},"$37,646,380",0457430
The Sixth Sense,1h 47m,PG-13,1999,"['Drama', 'Mystery', 'Thriller']",{'0796117': 'M. Night Shyamalan'},"{'0000246': 'Bruce Willis', '0005286': 'Haley Joel Osment', '0001057': 'Toni Collette'}",{'0796117': 'M. Night Shyamalan'},"$293,506,292",0167404
Unforgiven,2h 10m,R,1992,"['Drama', 'Western']",{'0000142': 'Clint Eastwood'},"{'0000142': 'Clint Eastwood', '0000432': 'Gene Hackman', '0000151': 'Morgan Freeman'}",{'0672459': 'David Webb Peoples'},"$101,167,799",0105695
Jurassic Park,2h 7m,PG-13,1993,"['Action', 'Adventure', 'Sci-Fi']",{'0000229': 'Steven Spielberg'},"{'0000554': 'Sam Neill', '0000368': 'Laura Dern', '0000156': 'Jeff Goldblum'}","{'0000341': 'Michael Crichton', '0462895': 'David Koepp'}","$407,029,405",0107290
A Beautiful Mind,2h 15m,PG-13,2001,"['Biography', 'Drama']",{'0000165': 'Ron Howard'},"{'0000128': 'Russell Crowe', '0000438': 'Ed Harris', '0000124': 'Jennifer Connelly'}","{'0326040': 'Akiva Goldsman', '0621586': 'Sylvia Nasar'}","$170,742,341",0268978
The Treasure of the Sierra Madre,2h 6m,Passed,1947,"['Adventure', 'Drama', 'Western']",{'0001379': 'John Huston'},"{'0000007': 'Humphrey Bogart', '0404158': 'Walter Huston', '0392529': 'Tim Holt'}","{'0001379': 'John Huston', '0871252': 'B. Traven'}","$5,014,000",0040897
Yojimbo,1h 50m,Not Rated,1961,"['Action', 'Drama', 'Thriller']",{'0000041': 'Akira Kurosawa'},"{'0001536': 'Toshirô Mifune', '0867391': 'Eijirô Tôno', '0619938': 'Tatsuya Nakadai'}","{'0000041': 'Akira Kurosawa', '0452878': 'Ryûzô Kikushima'}","$46,808",0055630
No Country for Old Men,2h 2m,R,2007,"['Crime', 'Drama', 'Thriller']","{'0001053': 'Ethan Coen', '0001054': 'Joel Coen'}","{'0000169': 'Tommy Lee Jones', '0000849': 'Javier Bardem', '0000982': 'Josh Brolin'}","{'0001054': 'Joel Coen', '0001053': 'Ethan Coen', '0565092': 'Cormac McCarthy'}","$74,283,625",0477348
Monty Python and the Holy Grail,1h 31m,PG,1975,"['Adventure', 'Comedy', 'Fantasy']","{'0000416': 'Terry Gilliam', '0001402': 'Terry Jones'}","{'0001037': 'Graham Chapman', '0000092': 'John Cleese', '0001385': 'Eric Idle'}","{'0001037': 'Graham Chapman', '0000092': 'John Cleese', '0001385': 'Eric Idle'}","$1,827,696",0071853
Kill Bill: Vol. 1,1h 51m,R,2003,"['Action', 'Crime', 'Thriller']",{'0000233': 'Quentin Tarantino'},"{'0000235': 'Uma Thurman', '0001016': 'David Carradine', '0000435': 'Daryl Hannah'}","{'0000233': 'Quentin Tarantino', '0000235': 'Uma Thurman'}","$70,099,045",0266697
The Great Escape,2h 52m,Approved,1963,"['Adventure', 'Drama', 'History']",{'0836328': 'John Sturges'},"{'0000537': 'Steve McQueen', '0001258': 'James Garner', '0000277': 'Richard Attenborough'}","{'0108595': 'Paul Brickhill', '0165412': 'James Clavell', '0122446': 'W.R. Burnett'}",,0057115
The Thing,1h 49m,16+,1982,"['Horror', 'Mystery', 'Sci-Fi']",{'0000118': 'John Carpenter'},"{'0000621': 'Kurt Russell', '0000979': 'Wilford Brimley', '0202966': 'Keith David'}","{'0484111': 'Bill Lancaster', '0132168': 'John W. Campbell Jr.'}","$19,629,760",0084787
Rashomon,1h 28m,Not Rated,1950,"['Crime', 'Drama', 'Mystery']",{'0000041': 'Akira Kurosawa'},"{'0001536': 'Toshirô Mifune', '0477553': 'Machiko Kyô', '0605270': 'Masayuki Mori'}","{'0015611': 'Ryûnosuke Akutagawa', '0000041': 'Akira Kurosawa', '0368074': 'Shinobu Hashimoto'}","$46,808",0042876
Finding Nemo,1h 40m,G,2003,"['Animation', 'Adventure', 'Comedy']","{'0004056': 'Andrew Stanton', '0881279': 'Lee Unkrich'}","{'0000983': 'Albert Brooks', '0001122': 'Ellen DeGeneres', '1071252': 'Alexander Gould'}","{'0004056': 'Andrew Stanton', '0677037': 'Bob Peterson', '0721675': 'David Reynolds'}","$380,843,261",0266543
The Elephant Man,2h 4m,PG,1980,"['Biography', 'Drama']",{'0000186': 'David Lynch'},"{'0000164': 'Anthony Hopkins', '0000457': 'John Hurt', '0000843': 'Anne Bancroft'}","{'0212246': 'Christopher De Vore', '0075015': 'Eric Bergren', '0000186': 'David Lynch'}","$26,010,864",0080678
Chinatown,2h 10m,R,1974,"['Drama', 'Mystery', 'Thriller']",{'0000591': 'Roman Polanski'},"{'0000197': 'Jack Nicholson', '0001159': 'Faye Dunaway', '0001379': 'John Huston'}","{'0001801': 'Robert Towne', '0000591': 'Roman Polanski'}","$29,200,000",0071315
Spider-Man: No Way Home,2h 28m,PG-13,2021,"['Action', 'Adventure', 'Fantasy']",{'1218281': 'Jon Watts'},"{'4043618': 'Tom Holland', '3918035': 'Zendaya', '1212722': 'Benedict Cumberbatch'}","{'0571344': 'Chris McKenna', '1273099': 'Erik Sommers', '0498278': 'Stan Lee'}","$814,115,070",10872600
Gone with the Wind,3h 58m,Passed,1939,"['Drama', 'Romance', 'War']","{'0281808': 'Victor Fleming', '0002030': 'George Cukor', '0939992': 'Sam Wood'}","{'0000022': 'Clark Gable', '0000046': 'Vivien Leigh', '0593775': 'Thomas Mitchell'}","{'0593565': 'Margaret Mitchell', '0397608': 'Sidney Howard', '0308177': 'Oliver H.P. Garrett'}","$200,882,193",0031381
V for Vendetta,2h 12m,R,2005,"['Action', 'Drama', 'Sci-Fi']",{'0574625': 'James McTeigue'},"{'0915989': 'Hugo Weaving', '0000204': 'Natalie Portman', '0001291': 'Rupert Graves'}","{'0905152': 'Lilly Wachowski', '0905154': 'Lana Wachowski', '2331222': 'David Lloyd'}","$70,511,035",0434409
Dial M for Murder,1h 45m,PG,1954,"['Crime', 'Thriller']",{'0000033': 'Alfred Hitchcock'},"{'0001537': 'Ray Milland', '0000038': 'Grace Kelly', '0191950': 'Robert Cummings'}",{'0461425': 'Frederick Knott'},"$24,845",0046912
Howl's Moving Castle,1h 59m,PG,2004,"['Animation', 'Adventure', 'Family']",{'0594503': 'Hayao Miyazaki'},"{'0047962': 'Chieko Baishô', '0454120': 'Takuya Kimura', '0309107': 'Tatsuya Gashûin'}","{'0594503': 'Hayao Miyazaki', '1168510': 'Diana Wynne Jones'}","$6,789,268",0347149
Raging Bull,2h 9m,R,1980,"['Biography', 'Drama', 'Sport']",{'0000217': 'Martin Scorsese'},"{'0000134': 'Robert De Niro', '0001550': 'Cathy Moriarty', '0000582': 'Joe Pesci'}","{'0483766': 'Jake LaMotta', '0141734': 'Joseph Carter', '0678014': 'Peter Savage'}","$23,383,987",0081398
"Lock, Stock and Two Smoking Barrels",1h 47m,R,1998,"['Action', 'Comedy', 'Crime']",{'0005363': 'Guy Ritchie'},"{'0002076': 'Jason Flemyng', '0002077': 'Dexter Fletcher', '0602941': 'Nick Moran'}",{'0005363': 'Guy Ritchie'},"$3,753,929",0120735
The Secret in Their Eyes,2h 9m,R,2009,"['Drama', 'Mystery', 'Romance']",{'0002728': 'Juan José Campanella'},"{'0201857': 'Ricardo Darín', '0897845': 'Soledad Villamil', '0706567': 'Pablo Rago'}","{'3160078': 'Eduardo Sacheri', '0002728': 'Juan José Campanella'}","$6,391,436",1305806
Inside Out,1h 35m,PG,2015,"['Animation', 'Adventure', 'Comedy']","{'0230032': 'Pete Docter', '0215455': 'Ronnie Del Carmen'}","{'0688132': 'Amy Poehler', '0352778': 'Bill Hader', '0085400': 'Lewis Black'}","{'0230032': 'Pete Docter', '0215455': 'Ronnie Del Carmen', '0498834': 'Meg LeFauve'}","$356,921,711",2096673
Prisoners,2h 33m,R,2013,"['Crime', 'Drama', 'Mystery']",{'0898288': 'Denis Villeneuve'},"{'0413168': 'Hugh Jackman', '0350453': 'Jake Gyllenhaal', '0205626': 'Viola Davis'}",{'3360706': 'Aaron Guzikowski'},"$61,002,302",1392214
"Three Billboards Outside Ebbing, Missouri",1h 55m,R,2017,"['Comedy', 'Crime', 'Drama']",{'1732981': 'Martin McDonagh'},"{'0000531': 'Frances McDormand', '0000437': 'Woody Harrelson', '0005377': 'Sam Rockwell'}",{'1732981': 'Martin McDonagh'},"$54,513,740",5027774
The Bridge on the River Kwai,2h 41m,PG,1957,"['Adventure', 'Drama', 'War']",{'0000180': 'David Lean'},"{'0000034': 'William Holden', '0000027': 'Alec Guinness', '0370144': 'Jack Hawkins'}","{'0099541': 'Pierre Boulle', '0286025': 'Carl Foreman', '0933858': 'Michael Wilson'}","$27,200,000",0050212
Trainspotting,1h 33m,R,1996,['Drama'],{'0000965': 'Danny Boyle'},"{'0000191': 'Ewan McGregor', '0001971': 'Ewen Bremner', '0001538': 'Jonny Lee Miller'}","{'0920543': 'Irvine Welsh', '0388076': 'John Hodge'}","$16,491,080",0117951
Fargo,1h 38m,R,1996,"['Crime', 'Thriller']","{'0001054': 'Joel Coen', '0001053': 'Ethan Coen'}","{'0000513': 'William H. Macy', '0000531': 'Frances McDormand', '0000114': 'Steve Buscemi'}","{'0001053': 'Ethan Coen', '0001054': 'Joel Coen'}","$24,611,975",0116282
Warrior,2h 20m,PG-13,2011,"['Action', 'Drama', 'Sport']","{'0640334': ""Gavin O'Connor""}","{'0362766': 'Tom Hardy', '0000560': 'Nick Nolte', '0249291': 'Joel Edgerton'}","{'0640334': ""Gavin O'Connor"", '3294574': 'Anthony Tambakis', '0233561': 'Cliff Dorfman'}","$13,657,115",1291584
Gran Torino,1h 56m,R,2008,['Drama'],{'0000142': 'Clint Eastwood'},"{'0000142': 'Clint Eastwood', '3057402': 'Bee Vang', '1542291': 'Christopher Carley'}","{'1010405': 'Nick Schenk', '3164738': 'Dave Johannson'}","$148,095,302",1205489
Catch Me If You Can,2h 21m,PG-13,2002,"['Biography', 'Crime', 'Drama']",{'0000229': 'Steven Spielberg'},"{'0000138': 'Leonardo DiCaprio', '0000158': 'Tom Hanks', '0000686': 'Christopher Walken'}","{'0622288': 'Jeff Nathanson', '0007646': 'Frank Abagnale Jr.', '1127221': 'Stan Redding'}","$164,615,351",0264464
My Neighbor Totoro,1h 26m,G,1988,"['Animation', 'Comedy', 'Family']",{'0594503': 'Hayao Miyazaki'},"{'0847054': 'Hitoshi Takagi', '0383022': 'Noriko Hidaka', '0757076': 'Chika Sakamoto'}",{'0594503': 'Hayao Miyazaki'},"$2,250,213",0096283
Million Dollar Baby,2h 12m,PG-13,2004,"['Drama', 'Sport']",{'0000142': 'Clint Eastwood'},"{'0005476': 'Hilary Swank', '0000142': 'Clint Eastwood', '0000151': 'Morgan Freeman'}","{'0353673': 'Paul Haggis', '0101801': 'F.X. Toole'}","$100,492,203",0405159
Klaus,1h 36m,PG,2019,"['Animation', 'Adventure', 'Comedy']","{'0655053': 'Sergio Pablos', '3582089': 'Carlos Martínez López'}","{'0005403': 'Jason Schwartzman', '0799777': 'J.K. Simmons', '0429069': 'Rashida Jones'}","{'0655053': 'Sergio Pablos', '2700235': 'Jim Mahoney', '2082813': 'Zach Lewis'}",,4729430
Harry Potter and the Deathly Hallows: Part 2,2h 10m,PG-13,2011,"['Adventure', 'Family', 'Fantasy']",{'0946734': 'David Yates'},"{'0705356': 'Daniel Radcliffe', '0914612': 'Emma Watson', '0342488': 'Rupert Grint'}","{'0460141': 'Steve Kloves', '0746830': 'J.K. Rowling'}","$381,447,587",1201607
Children of Heaven,1h 29m,PG,1997,"['Drama', 'Family', 'Sport']",{'0006498': 'Majid Majidi'},"{'0619870': 'Mohammad Amir Naji', '0268488': 'Amir Farrokh Hashemian', '0781245': 'Bahare Seddiqi'}",{'0006498': 'Majid Majidi'},"$933,933",0118849
Blade Runner,1h 57m,R,1982,"['Action', 'Drama', 'Sci-Fi']",{'0000631': 'Ridley Scott'},"{'0000148': 'Harrison Ford', '0000442': 'Rutger Hauer', '0000707': 'Sean Young'}","{'0266684': 'Hampton Fancher', '0672459': 'David Webb Peoples', '0001140': 'Philip K. Dick'}","$32,914,489",0083658
12 Years a Slave,2h 14m,R,2013,"['Biography', 'Drama', 'History']",{'2588606': 'Steve McQueen'},"{'0252230': 'Chiwetel Ejiofor', '0931324': 'Michael Kenneth Williams', '1055413': 'Michael Fassbender'}","{'0725983': 'John Ridley', '1185849': 'Solomon Northup'}","$56,671,993",2024544
Before Sunrise,1h 41m,R,1995,"['Drama', 'Romance']",{'0000500': 'Richard Linklater'},"{'0000160': 'Ethan Hawke', '0000365': 'Julie Delpy', '0248600': 'Andrea Eckert'}","{'0000500': 'Richard Linklater', '0471811': 'Kim Krizan'}","$5,535,405",0112471
The Gold Rush,1h 35m,Passed,1925,"['Adventure', 'Comedy', 'Drama']",{'0000122': 'Charles Chaplin'},"{'0000122': 'Charles Chaplin', '0841501': 'Mack Swain', '0615306': 'Tom Murray'}",{'0000122': 'Charles Chaplin'},,0015864
The Grand Budapest Hotel,1h 39m,R,2014,"['Adventure', 'Comedy', 'Crime']",{'0027572': 'Wes Anderson'},"{'0000146': 'Ralph Fiennes', '0000719': 'F. Murray Abraham', '0023832': 'Mathieu Amalric'}","{'0959003': 'Stefan Zweig', '0027572': 'Wes Anderson', '2450453': 'Hugo Guinness'}","$59,301,324",2278388
Ben-Hur,3h 32m,G,1959,"['Adventure', 'Drama']",{'0943758': 'William Wyler'},"{'0000032': 'Charlton Heston', '0370144': 'Jack Hawkins', '0000963': 'Stephen Boyd'}","{'0908753': 'Lew Wallace', '0876562': 'Karl Tunberg', '0000683': 'Gore Vidal'}","$74,432,704",0052618
Gone Girl,2h 29m,R,2014,"['Drama', 'Mystery', 'Thriller']",{'0000399': 'David Fincher'},"{'0000255': 'Ben Affleck', '0683253': 'Rosamund Pike', '0000439': 'Neil Patrick Harris'}",{'5058839': 'Gillian Flynn'},"$167,767,189",2267998
On the Waterfront,1h 48m,Approved,1954,"['Crime', 'Drama', 'Thriller']",{'0001415': 'Elia Kazan'},"{'0000008': 'Marlon Brando', '0001500': 'Karl Malden', '0002011': 'Lee J. Cobb'}","{'0775977': 'Budd Schulberg', '0425711': 'Malcolm Johnson', '0802563': 'Robert Siodmak'}",,0047296
Barry Lyndon,3h 5m,PG,1975,"['Adventure', 'Drama', 'War']",{'0000040': 'Stanley Kubrick'},"{'0641939': ""Ryan O'Neal"", '0001943': 'Marisa Berenson', '0535861': 'Patrick Magee'}","{'0000040': 'Stanley Kubrick', '0856842': 'William Makepeace Thackeray'}",,0072684
Hacksaw Ridge,2h 19m,R,2016,"['Biography', 'Drama', 'History']",{'0000154': 'Mel Gibson'},"{'1940449': 'Andrew Garfield', '0941777': 'Sam Worthington', '3478396': 'Luke Bracey'}","{'0770938': 'Robert Schenkkan', '0460795': 'Andrew Knight'}","$67,209,615",2119532
In the Name of the Father,2h 13m,R,1993,"['Biography', 'Crime', 'Drama']",{'0006487': 'Jim Sheridan'},"{'0000358': 'Daniel Day-Lewis', '0000592': 'Pete Postlethwaite', '0188949': 'Alison Crosbie'}","{'0174840': 'Gerry Conlon', '0313623': 'Terry George', '0006487': 'Jim Sheridan'}","$25,096,862",0107207
The General,1h 18m,Passed,1926,"['Action', 'Adventure', 'Comedy']","{'0115669': 'Clyde Bruckman', '0000036': 'Buster Keaton'}","{'0000036': 'Buster Keaton', '0533045': 'Marion Mack', '0147070': 'Glen Cavender'}","{'0000036': 'Buster Keaton', '0115669': 'Clyde Bruckman', '0090213': 'Al Boasberg'}",,0017925
The Deer Hunter,3h 3m,R,1978,"['Drama', 'War']",{'0001047': 'Michael Cimino'},"{'0000134': 'Robert De Niro', '0000686': 'Christopher Walken', '0001030': 'John Cazale'}","{'0001047': 'Michael Cimino', '0913346': 'Deric Washburn', '0307311': 'Louis Garfinkle'}","$48,979,328",0077416
Memories of Murder,2h 12m,Not Rated,2003,"['Crime', 'Drama', 'Mystery']",{'0094435': 'Bong Joon Ho'},"{'0814280': 'Song Kang-ho', '1235292': 'Kim Sang-kyung', '1323287': 'Roe-ha Kim'}","{'0094435': 'Bong Joon Ho', '1323286': 'Kwang-rim Kim', '1646563': 'Sung-bo Shim'}","$15,357",0353969
Wild Strawberries,1h 31m,Not Rated,1957,"['Drama', 'Romance']",{'0000005': 'Ingmar Bergman'},"{'0803705': 'Victor Sjöström', '0000761': 'Bibi Andersson', '0862026': 'Ingrid Thulin'}",{'0000005': 'Ingmar Bergman'},,0050986
The Wages of Fear,2h 11m,Not Rated,1953,"['Adventure', 'Drama', 'Thriller']",{'0167241': 'Henri-Georges Clouzot'},"{'0598971': 'Yves Montand', '0889024': 'Charles Vanel', '0886870': 'Peter van Eyck'}","{'1064118': 'Georges Arnaud', '0167241': 'Henri-Georges Clouzot', '0350823': 'Jérôme Géronimi'}",,0046268
The Third Man,1h 33m,Approved,1949,"['Film-Noir', 'Mystery', 'Thriller']",{'0715346': 'Carol Reed'},"{'0000080': 'Orson Welles', '0001072': 'Joseph Cotten', '0885098': 'Alida Valli'}","{'0001294': 'Graham Greene', '0000080': 'Orson Welles', '0466099': 'Alexander Korda'}","$1,067,364",0041959
Wild Tales,2h 2m,R,2014,"['Comedy', 'Drama', 'Thriller']",{'1167933': 'Damián Szifron'},"{'0334882': 'Darío Grandinetti', '0555404': 'María Marull', '0897640': 'Mónica Villa'}","{'2265326': 'Julian Loyola', '1167933': 'Damián Szifron', '1238855': 'Germán Servidio'}","$3,106,530",3011894
Sherlock Jr.,45m,Passed,1924,"['Action', 'Comedy', 'Romance']",{'0000036': 'Buster Keaton'},"{'0000036': 'Buster Keaton', '0570230': 'Kathryn McGuire', '0444172': 'Joe Keaton'}","{'0369841': 'Jean C. Havez', '0593477': 'Joseph A. Mitchell', '0115669': 'Clyde Bruckman'}","$977,375",0015324
Mad Max: Fury Road,2h,R,2015,"['Action', 'Adventure', 'Sci-Fi']",{'0004306': 'George Miller'},"{'0362766': 'Tom Hardy', '0000234': 'Charlize Theron', '0396558': 'Nicholas Hoult'}","{'0004306': 'George Miller', '0565068': 'Brendan McCarthy', '0490147': 'Nick Lathouris'}","$154,280,290",1392190
Dead Poets Society,2h 8m,PG,1989,"['Comedy', 'Drama']",{'0001837': 'Peter Weir'},"{'0000245': 'Robin Williams', '0000494': 'Robert Sean Leonard', '0000160': 'Ethan Hawke'}",{'0776114': 'Tom Schulman'},"$95,860,116",0097165
Mr. Smith Goes to Washington,2h 9m,Passed,1939,"['Comedy', 'Drama']",{'0001008': 'Frank Capra'},"{'0000071': 'James Stewart', '0000795': 'Jean Arthur', '0001647': 'Claude Rains'}","{'0118227': 'Sidney Buchman', '0287931': 'Lewis R. Foster', '0175333': 'Myles Connolly'}","$144,738",0031679
"Monsters, Inc.",1h 32m,G,2001,"['Animation', 'Adventure', 'Comedy']","{'0230032': 'Pete Docter', '0798899': 'David Silverman', '0881279': 'Lee Unkrich'}","{'0000345': 'Billy Crystal', '0000422': 'John Goodman', '0316701': 'Mary Gibbs'}","{'0230032': 'Pete Docter', '0191717': 'Jill Culton', '0682066': 'Jeff Pidgeon'}","$290,642,256",0198781
How to Train Your Dragon,1h 38m,PG,2010,"['Animation', 'Action', 'Adventure']","{'0213450': 'Dean DeBlois', '0761498': 'Chris Sanders'}","{'0059431': 'Jay Baruchel', '0124930': 'Gerard Butler', '2395586': 'Christopher Mintz-Plasse'}","{'0204030': 'William Davies', '0213450': 'Dean DeBlois', '0761498': 'Chris Sanders'}","$217,581,231",0892769
Jaws,2h 4m,PG,1975,"['Adventure', 'Mystery', 'Thriller']",{'0000229': 'Steven Spielberg'},"{'0001702': 'Roy Scheider', '0001727': 'Robert Shaw', '0000377': 'Richard Dreyfuss'}","{'0001940': 'Peter Benchley', '0331956': 'Carl Gottlieb'}","$265,859,065",0073195
Mary and Max,1h 32m,Not Rated,2009,"['Animation', 'Comedy', 'Drama']",{'0254178': 'Adam Elliot'},"{'0001057': 'Toni Collette', '0000450': 'Philip Seymour Hoffman', '0051509': 'Eric Bana'}",{'0254178': 'Adam Elliot'},,0978762
The Seventh Seal,1h 36m,Not Rated,1957,"['Drama', 'Fantasy']",{'0000005': 'Ingmar Bergman'},"{'0001884': 'Max von Sydow', '0085038': 'Gunnar Björnstrand', '0252345': 'Bengt Ekerot'}",{'0000005': 'Ingmar Bergman'},,0050976
Room,1h 58m,R,2015,"['Drama', 'Thriller']",{'1049433': 'Lenny Abrahamson'},"{'0488953': 'Brie Larson', '5016878': 'Jacob Tremblay', '0108703': 'Sean Bridgers'}",{'1480980': 'Emma Donoghue'},"$14,677,654",3170832
The Big Lebowski,1h 57m,R,1998,"['Comedy', 'Crime']","{'0001054': 'Joel Coen', '0001053': 'Ethan Coen'}","{'0000313': 'Jeff Bridges', '0000422': 'John Goodman', '0000194': 'Julianne Moore'}","{'0001053': 'Ethan Coen', '0001054': 'Joel Coen'}","$18,254,458",0118715
Ford v Ferrari,2h 32m,PG-13,2019,"['Action', 'Biography', 'Drama']",{'0003506': 'James Mangold'},"{'0000354': 'Matt Damon', '0000288': 'Christian Bale', '1256532': 'Jon Bernthal'}","{'0125336': 'Jez Butterworth', '3890871': 'John-Henry Butterworth', '0445669': 'Jason Keller'}","$117,624,357",1950186
Tokyo Story,2h 16m,Not Rated,1953,['Drama'],{'0654868': 'Yasujirô Ozu'},"{'0753479': 'Chishû Ryû', '0383261': 'Chieko Higashiyama', '0945522': 'Sô Yamamura'}","{'0633792': 'Kôgo Noda', '0654868': 'Yasujirô Ozu'}",,0046438
Ratatouille,1h 51m,G,2007,"['Animation', 'Adventure', 'Comedy']","{'0083348': 'Brad Bird', '0684342': 'Jan Pinkava'}","{'0004951': 'Brad Garrett', '0738918': 'Lou Romano', '0652663': 'Patton Oswalt'}","{'0083348': 'Brad Bird', '0684342': 'Jan Pinkava', '0135296': 'Jim Capobianco'}","$206,445,654",0382932
Rocky,2h,PG,1976,"['Drama', 'Sport']",{'0000814': 'John G. Avildsen'},"{'0000230': 'Sylvester Stallone', '0001735': 'Talia Shire', '0949350': 'Burt Young'}",{'0000230': 'Sylvester Stallone'},"$117,235,147",0075148
Hotel Rwanda,2h 1m,PG-13,2004,"['Biography', 'Drama', 'History']",{'0313623': 'Terry George'},"{'0000332': 'Don Cheadle', '0645683': 'Sophie Okonedo', '0001618': 'Joaquin Phoenix'}","{'0669311': 'Keir Pearson', '0313623': 'Terry George'}","$23,530,892",0395169
The Passion of Joan of Arc,1h 54m,Passed,1928,"['Biography', 'Drama', 'History']",{'0003433': 'Carl Theodor Dreyer'},"{'0266029': 'Maria Falconetti', '0798564': 'Eugene Silvain', '0075551': 'André Berley'}","{'0217865': 'Joseph Delteil', '0003433': 'Carl Theodor Dreyer'}","$21,877",0019254
Logan,2h 17m,R,2017,"['Action', 'Drama', 'Sci-Fi']",{'0003506': 'James Mangold'},"{'0413168': 'Hugh Jackman', '0001772': 'Patrick Stewart', '6748436': 'Dafne Keen'}","{'0003506': 'James Mangold', '0291082': 'Scott Frank', '0338169': 'Michael Green'}","$226,277,068",3315342
Platoon,2h,R,1986,"['Drama', 'War']",{'0000231': 'Oliver Stone'},"{'0000221': 'Charlie Sheen', '0000297': 'Tom Berenger', '0000353': 'Willem Dafoe'}",{'0000231': 'Oliver Stone'},"$138,530,565",0091763
Spotlight,2h 9m,R,2015,"['Biography', 'Crime', 'Drama']",{'0565336': 'Tom McCarthy'},"{'0749263': 'Mark Ruffalo', '0000474': 'Michael Keaton', '1046097': 'Rachel McAdams'}","{'1802857': 'Josh Singer', '0565336': 'Tom McCarthy'}","$45,055,776",1895587
The Terminator,1h 47m,R,1984,"['Action', 'Sci-Fi']",{'0000116': 'James Cameron'},"{'0000216': 'Arnold Schwarzenegger', '0000157': 'Linda Hamilton', '0000299': 'Michael Biehn'}","{'0000116': 'James Cameron', '0005036': 'Gale Anne Hurd', '0936537': 'William Wisher'}","$38,371,200",0088247
Jai Bhim,2h 44m,TV-MA,2021,"['Crime', 'Drama', 'Mystery']",{'4377096': 'T.J. Gnanavel'},"{'1421814': 'Suriya', '7934649': 'Lijo Mol Jose', '8904193': 'Manikandan K.'}","{'4377096': 'T.J. Gnanavel', '13222819': 'Rajendra Sapre'}",,15097216
Before Sunset,1h 20m,R,2004,"['Drama', 'Romance']",{'0000500': 'Richard Linklater'},"{'0000160': 'Ethan Hawke', '0000365': 'Julie Delpy', '0229943': 'Vernon Dobtcheff'}","{'0000500': 'Richard Linklater', '0000365': 'Julie Delpy', '0000160': 'Ethan Hawke'}","$5,820,649",0381681
Rush,2h 3m,R,2013,"['Action', 'Biography', 'Drama']",{'0000165': 'Ron Howard'},"{'0117709': 'Daniel Brühl', '1165110': 'Chris Hemsworth', '1312575': 'Olivia Wilde'}",{'0604948': 'Peter Morgan'},"$26,947,624",1979320
Network,2h 1m,R,1976,['Drama'],{'0001486': 'Sidney Lumet'},"{'0001159': 'Faye Dunaway', '0000034': 'William Holden', '0002075': 'Peter Finch'}",{'0154665': 'Paddy Chayefsky'},"$23,689,877",0074958
Stand by Me,1h 29m,R,1986,"['Adventure', 'Comedy', 'Drama']",{'0001661': 'Rob Reiner'},"{'0000696': 'Wil Wheaton', '0000203': 'River Phoenix', '0000397': 'Corey Feldman'}","{'0000175': 'Stephen King', '0317279': 'Raynold Gideon', '0262595': 'Bruce A. Evans'}","$52,287,414",0092005
The Best Years of Our Lives,2h 50m,Approved,1946,"['Drama', 'Romance', 'War']",{'0943758': 'William Wyler'},"{'0001485': 'Myrna Loy', '0000763': 'Dana Andrews', '0545298': 'Fredric March'}","{'0792845': 'Robert E. Sherwood', '0437969': 'MacKinlay Kantor'}","$23,650,000",0036868
The Wizard of Oz,1h 42m,G,1939,"['Adventure', 'Family', 'Fantasy']","{'0281808': 'Victor Fleming', '0002030': 'George Cukor', '0503777': 'Mervyn LeRoy'}","{'0000023': 'Judy Garland', '0604656': 'Frank Morgan', '0001961': 'Ray Bolger'}","{'0486538': 'Noel Langley', '0753249': 'Florence Ryerson', '0941138': 'Edgar Allan Woolf'}","$24,668,669",0032138
La haine,1h 38m,Not Rated,1995,"['Crime', 'Drama']",{'0440913': 'Mathieu Kassovitz'},"{'0001993': 'Vincent Cassel', '0468003': 'Hubert Koundé', '0846548': 'Saïd Taghmaoui'}",{'0440913': 'Mathieu Kassovitz'},"$280,859",0113247
Into the Wild,2h 28m,R,2007,"['Adventure', 'Biography', 'Drama']",{'0000576': 'Sean Penn'},"{'0386472': 'Emile Hirsch', '0000681': 'Vince Vaughn', '0001416': 'Catherine Keener'}","{'0000576': 'Sean Penn', '1040556': 'Jon Krakauer'}","$18,354,356",0758758
The Exorcist,2h 2m,R,1973,['Horror'],{'0001243': 'William Friedkin'},"{'0000995': 'Ellen Burstyn', '0001884': 'Max von Sydow', '0000304': 'Linda Blair'}",{'0087861': 'William Peter Blatty'},"$233,005,644",0070047
Pirates of the Caribbean: The Curse of the Black Pearl,2h 23m,PG-13,2003,"['Action', 'Adventure', 'Fantasy']",{'0893659': 'Gore Verbinski'},"{'0000136': 'Johnny Depp', '0001691': 'Geoffrey Rush', '0089217': 'Orlando Bloom'}","{'0254645': 'Ted Elliott', '0744429': 'Terry Rossio', '0064181': 'Stuart Beattie'}","$305,413,918",0325980
The Incredibles,1h 55m,PG,2004,"['Animation', 'Action', 'Adventure']",{'0083348': 'Brad Bird'},"{'0005266': 'Craig T. Nelson', '0000168': 'Samuel L. Jackson', '0000456': 'Holly Hunter'}",{'0083348': 'Brad Bird'},"$261,441,092",0317705
To Be or Not to Be,1h 39m,Passed,1942,"['Comedy', 'Romance', 'War']",{'0523932': 'Ernst Lubitsch'},"{'0001479': 'Carole Lombard', '0000912': 'Jack Benny', '0821041': 'Robert Stack'}","{'0501872': 'Melchior Lengyel', '0562372': 'Edwin Justus Mayer', '0523932': 'Ernst Lubitsch'}","$3,270,000",0035446
Groundhog Day,1h 41m,PG,1993,"['Comedy', 'Drama', 'Fantasy']",{'0000601': 'Harold Ramis'},"{'0000195': 'Bill Murray', '0000510': 'Andie MacDowell', '0254402': 'Chris Elliott'}","{'0748035': 'Danny Rubin', '0000601': 'Harold Ramis'}","$71,107,962",0107048
The Grapes of Wrath,2h 9m,Passed,1940,['Drama'],{'0000406': 'John Ford'},"{'0000020': 'Henry Fonda', '0002034': 'Jane Darwell', '0001017': 'John Carradine'}","{'0425913': 'Nunnally Johnson', '0825705': 'John Steinbeck'}",,0032551
Hachi: A Dog's Tale,1h 33m,G,2009,"['Biography', 'Drama', 'Family']",{'0002120': 'Lasse Hallström'},"{'0000152': 'Richard Gere', '0000260': 'Joan Allen', '0846480': 'Cary-Hiroyuki Tagawa'}","{'2124742': 'Stephen P. Lindsey', '0793881': 'Kaneto Shindô'}",,1028532
My Father and My Son,1h 52m,Not Rated,2005,"['Drama', 'Family']",{'1463981': 'Çagan Irmak'},"{'1002038': 'Çetin Tekindor', '0476334': 'Fikret Kuskan', '0406157': 'Hümeyra'}",{'1463981': 'Çagan Irmak'},,0476735
The Battle of Algiers,2h 1m,Not Rated,1966,"['Drama', 'War']",{'0690597': 'Gillo Pontecorvo'},"{'0352835': 'Brahim Hadjadj', '0552483': 'Jean Martin', '0754272': 'Yacef Saadi'}","{'0758357': 'Franco Solinas', '0690597': 'Gillo Pontecorvo'}","$879,794",0058946
The Handmaiden,2h 25m,Not Rated,2016,"['Drama', 'Romance', 'Thriller']",{'0661791': 'Park Chan-wook'},"{'1195119': 'Kim Min-hee', '1978402': 'Ha Jung-woo', '2437361': 'Cho Jin-woong'}","{'1258797': 'Sarah Waters', '1941029': 'Chung Seo-kyung', '0661791': 'Park Chan-wook'}","$2,006,788",4016934
Amores Perros,2h 34m,R,2000,"['Drama', 'Thriller']",{'0327944': 'Alejandro G. Iñárritu'},"{'0248408': 'Emilio Echevarría', '0305558': 'Gael García Bernal', '0865949': 'Goya Toledo'}",{'0037247': 'Guillermo Arriaga'},"$5,408,467",0245712
Rebecca,2h 10m,Approved,1940,"['Drama', 'Film-Noir', 'Mystery']",{'0000033': 'Alfred Hitchcock'},"{'0000059': 'Laurence Olivier', '0000021': 'Joan Fontaine', '0001695': 'George Sanders'}","{'0238898': 'Daphne Du Maurier', '0792845': 'Robert E. Sherwood', '0365661': 'Joan Harrison'}",,0032976
Cool Hand Luke,2h 7m,GP,1967,"['Crime', 'Drama']",{'0742341': 'Stuart Rosenberg'},"{'0000056': 'Paul Newman', '0001421': 'George Kennedy', '0001510': 'Strother Martin'}","{'0668914': 'Donn Pearce', '0682757': 'Frank Pierson', '0237543': 'Hal Dresner'}",,0061512
The Sound of Music,2h 52m,G,1965,"['Biography', 'Drama', 'Family']",{'0936404': 'Robert Wise'},"{'0000267': 'Julie Andrews', '0001626': 'Christopher Plummer', '0662223': 'Eleanor Parker'}","{'0403346': 'Georg Hurdalek', '0512231': 'Howard Lindsay', '0189496': 'Russel Crouse'}","$159,287,539",0059742
Pather Panchali,2h 5m,Not Rated,1955,['Drama'],{'0006249': 'Satyajit Ray'},"{'0052333': 'Kanu Bannerjee', '0052334': 'Karuna Bannerjee', '0052343': 'Subir Banerjee'}","{'0051808': 'Bibhutibhushan Bandyopadhyay', '0006249': 'Satyajit Ray'}","$134,241",0048473
It Happened One Night,1h 45m,Passed,1934,"['Comedy', 'Romance']",{'0001008': 'Frank Capra'},"{'0000022': 'Clark Gable', '0001055': 'Claudette Colbert', '0175369': 'Walter Connolly'}","{'0728307': 'Robert Riskin', '0011343': 'Samuel Hopkins Adams'}",,0025316
The Iron Giant,1h 26m,PG,1999,"['Animation', 'Action', 'Adventure']",{'0083348': 'Brad Bird'},"{'0547349': 'Eli Marienthal', '0001065': 'Harry Connick Jr.', '0000098': 'Jennifer Aniston'}","{'0564827': 'Tim McCanlies', '0083348': 'Brad Bird', '0400954': 'Ted Hughes'}","$23,315,035",0129167
The 400 Blows,1h 39m,Not Rated,1959,"['Crime', 'Drama']",{'0000076': 'François Truffaut'},"{'0529543': 'Jean-Pierre Léaud', '0753716': 'Albert Rémy', '0561158': 'Claire Maurier'}","{'0000076': 'François Truffaut', '0610115': 'Marcel Moussy'}",$509,0053198
The Help,2h 26m,PG-13,2011,['Drama'],{'0853238': 'Tate Taylor'},"{'0205626': 'Viola Davis', '1297015': 'Emma Stone', '0818055': 'Octavia Spencer'}","{'0853238': 'Tate Taylor', '3543826': 'Kathryn Stockett'}","$169,708,112",1454029
Persona,1h 23m,Not Rated,1966,"['Drama', 'Thriller']",{'0000005': 'Ingmar Bergman'},"{'0000761': 'Bibi Andersson', '0880521': 'Liv Ullmann', '0472234': 'Margaretha Krook'}",{'0000005': 'Ingmar Bergman'},,0060827
Life of Brian,1h 34m,R,1979,['Comedy'],{'0001402': 'Terry Jones'},"{'0001037': 'Graham Chapman', '0000092': 'John Cleese', '0001589': 'Michael Palin'}","{'0001037': 'Graham Chapman', '0000092': 'John Cleese', '0000416': 'Terry Gilliam'}","$20,206,622",0079470
Aladdin,1h 30m,G,1992,"['Animation', 'Adventure', 'Comedy']","{'0166256': 'Ron Clements', '0615780': 'John Musker'}","{'0918334': 'Scott Weinger', '0000245': 'Robin Williams', '0488306': 'Linda Larkin'}","{'0166256': 'Ron Clements', '0615780': 'John Musker', '0254645': 'Ted Elliott'}","$217,350,219",0103639
Dances with Wolves,3h 1m,PG-13,1990,"['Adventure', 'Drama', 'Western']",{'0000126': 'Kevin Costner'},"{'0000126': 'Kevin Costner', '0001521': 'Mary McDonnell', '0001295': 'Graham Greene'}",{'0086658': 'Michael Blake'},"$184,208,848",0099348
